job,company,location,link
React Developer- Front End,Synergy technologies,"Jacksonville, FL 32216 (Southpoint area)",https://www.indeed.com/viewjob?jk=dad5674012a673c6&tk=1gr98572ejiie801&from=serp&vjs=3
Front End Developer,Datasys consulting Inc,"Fort Lauderdale, FL 33301 (Idlewyld area)",https://www.indeed.com/viewjob?jk=71c50e65c10bd76c&tk=1gr98572ejiie801&from=serp&vjs=3
Junior Level PHP Developer,American Partner Solutions,"Tampa, FL 33634",https://www.indeed.com/viewjob?jk=23fcbebb3965d2b8&tk=1gr98572ejiie801&from=serp&vjs=3
Software Engineer (Front End),Urban League,"Gainesville, FL 32601",https://www.indeed.com/viewjob?jk=9168bf7148f8b460&tk=1gr98572ejiie801&from=serp&vjs=3
FRONT END DEVELOPER,"The GEO Group, Inc.","Boca Raton, FL",https://www.indeed.com/viewjob?jk=49d309eb9ab29191&tk=1gr98572ejiie801&from=serp&vjs=3
Front End Developer,Q Link Wireless,"Dania, FL 33004",https://www.indeed.com/viewjob?jk=0d8fad5505a55c8e&tk=1gr98572ejiie801&from=serp&vjs=3
Front End Web Developer,BlockSpaces,"Remote in Tampa, FL",https://www.indeed.com/viewjob?jk=f68127b46b85e54f&tk=1gr98572ejiie801&from=serp&vjs=3
Frontend React Software Developer,INVENT.us,"Gainesville, FL",https://www.indeed.com/viewjob?jk=d0222260f20031cc&tk=1gr98572ejiie801&from=serp&vjs=3
Front End Developer (On-Site),Haven Health Management,"Palm Springs, FL 33461",https://www.indeed.com/viewjob?jk=bc41389249313e67&tk=1gr98572ejiie801&from=serp&vjs=3
Front End Developer (React),Haneke Design,"Tampa, FL 33602 (Downtown area)",https://www.indeed.com/viewjob?jk=64a72871e2b9c32f&tk=1gr98572ejiie801&from=serp&vjs=3
Front End Web Designer,Trucks.com,"Hybrid remote in Tampa, FL",https://www.indeed.com/viewjob?jk=977800ea20d73c1a&tk=1gr98572ejiie801&from=serp&vjs=3
Front End React Engineer,Zenotis Technologies INC,"Remote in Plantation, FL",https://www.indeed.com/viewjob?jk=cf1b9b12301fc51e&tk=1gr98572ejiie801&from=serp&vjs=3
Front End Developer,Ideal Agent,"Tampa, FL 33607 (Plaza Terrace area)",https://www.indeed.com/viewjob?jk=2fdecd4c65cdd7f9&tk=1gr98572ejiie801&from=serp&vjs=3
Web Applications Developer I,University of Central Florida,"Orlando, FL 32816",https://www.indeed.com/viewjob?jk=8f2a87af382983af&tk=1gr98572ejiie801&from=serp&vjs=3
Front End Developer - UI,Andor Health,"Orlando, FL 32811 (Eagles Nest area)",https://www.indeed.com/viewjob?jk=aa90cdfc38178bcc&tk=1gr98572ejiie801&from=serp&vjs=3
Front End Developer,Vexcel,"Jacksonville, FL 32225 (East Arlington area)",https://www.indeed.com/viewjob?jk=9daa6da0b5835660&tk=1gr98572ejiie801&from=serp&vjs=3
Front End Developer,"Seerist, Inc","Hybrid remote in Tampa, FL",https://www.indeed.com/viewjob?jk=59bf16b48b19dee7&tk=1gr98572ejiie801&from=serp&vjs=3
Frontend Engineer,OneAdvisory,Remote in Florida,https://www.indeed.com/viewjob?jk=4ad66b46849425c6&tk=1gr98572ejiie801&from=serp&vjs=3
Senior Front-end Engineer (Remote),"Flip To, Inc.","Remote in Maitland, FL 32751",https://www.indeed.com/viewjob?jk=933c50a0f43683a6&tk=1gr98572ejiie801&from=serp&vjs=3
Front End Developer,Bond-Pro,"Tampa, FL 33605 (East Ybor area)",https://www.indeed.com/viewjob?jk=9ecc06790c89f81b&tk=1gr98572ejiie801&from=serp&vjs=3
Developer - Web,R+L Carriers,"Ocala, FL",https://www.indeed.com/viewjob?jk=13ff2c2bb99d7820&tk=1gr98572ejiie801&from=serp&vjs=3
Web Applications Developer II,University of Central Florida,"Hybrid remote in Orlando, FL 32816",https://www.indeed.com/viewjob?jk=352720acfaeec033&tk=1gr98572ejiie801&from=serp&vjs=3
Senior Front End Developer,Locals Technology,"Miami, FL",https://www.indeed.com/viewjob?jk=c091025d343910a1&tk=1gr98572ejiie801&from=serp&vjs=3
Senior Front End Software Engineer – Publix.com Website,Publix,"Lakeland, FL 33815 (Downtown area)",https://www.indeed.com/viewjob?jk=c1c44018971f5f68&tk=1gr98572ejiie801&from=serp&vjs=3
Front End Developer,DROIT TEK SOLUTIONS,"Miami, FL",https://www.indeed.com/viewjob?jk=3c8b7348babdfa9a&tk=1gr98572ejiie801&from=serp&vjs=3
Frontend Engineer,Recruiting From Scratch,"Clearwater, FL 33759",https://www.indeed.com/viewjob?jk=2ccbec885489cfdb&tk=1gr98572ejiie801&from=serp&vjs=3
Frontend Engineer,Vista Global,"Remote in Fort Lauderdale, FL 33309",https://www.indeed.com/viewjob?jk=3f73a3a2068bd8be&tk=1gr98572ejiie801&from=serp&vjs=3
Front End Developers,Opec Software Solutions,"Odessa, FL 33556",https://www.indeed.com/viewjob?jk=6dafe847bfa350d3&tk=1gr98572ejiie801&from=serp&vjs=3
Front-End Developer,Incedo,"Tampa, FL",https://www.indeed.com/viewjob?jk=5d6d771594c1f633&tk=1gr98572ejiie801&from=serp&vjs=3
Web App Developer,"X-Force, LLC.","Orlando, FL",https://www.indeed.com/viewjob?jk=d1b01c258f0eaf62&tk=1gr98572ejiie801&from=serp&vjs=3
Front-End Developer,Volico Data Center,"Fort Lauderdale, FL",https://www.indeed.com/viewjob?jk=75ad12ff361a12ca&tk=1gr98572ejiie801&from=serp&vjs=3
Front End Developer,pear marketing,"Miami, FL",https://www.indeed.com/viewjob?jk=b9e626b15f55f195&tk=1gr98572ejiie801&from=serp&vjs=3
Frontend Engineer,Vista Global,"Remote in Fort Lauderdale, FL 33309",https://www.indeed.com/viewjob?jk=3f73a3a2068bd8be&tk=1gr98572ejiie801&from=serp&vjs=3
Frontend Engineer,OneAdvisory,Remote in Florida,https://www.indeed.com/viewjob?jk=4ad66b46849425c6&tk=1gr98572ejiie801&from=serp&vjs=3
Senior Front End Developer,Include Software,"Remote in Fort Lauderdale, FL 33301",https://www.indeed.com/viewjob?jk=f6b4b4cfd53f1625&tk=1gr98572ejiie801&from=serp&vjs=3
Web Developer (Remote),Aquila Software Group,"Remote in Pembroke Pines, FL 33027",https://www.indeed.com/viewjob?jk=e828bf02f3337183&tk=1gr98572ejiie801&from=serp&vjs=3
Front End Developer,SJ&P,"Jacksonville, FL",https://www.indeed.com/viewjob?jk=d2be8141868c5ce2&tk=1gr98572ejiie801&from=serp&vjs=3
Web App Developer,"X-Force, LLC.","Orlando, FL",https://www.indeed.com/viewjob?jk=d1b01c258f0eaf62&tk=1gr98572ejiie801&from=serp&vjs=3
Front-end Developer,Webxloo,"Tampa, FL 33760",https://www.indeed.com/viewjob?jk=6a170536d9caf156&tk=1gr98572ejiie801&from=serp&vjs=3
FRONT END DEVELOPER II,"LSI, Inc.","Jacksonville, FL 32221 (Normandy Estate area)",https://www.indeed.com/viewjob?jk=6fbedb8dd0676060&tk=1gr98572ejiie801&from=serp&vjs=3
Application Developer III,Florida International University,"Miami, FL",https://www.indeed.com/viewjob?jk=74be0bdf8019708c&tk=1gr98572ejiie801&from=serp&vjs=3
React Developer,Organic PR,"Saint Augustine, FL",https://www.indeed.com/viewjob?jk=d4a98af44b9beff6&tk=1gr98572ejiie801&from=serp&vjs=3
Junior Web Developer,Market 8,"Miami, FL",https://www.indeed.com/viewjob?jk=db7a79a90086a2fc&tk=1gr98572ejiie801&from=serp&vjs=3
Front End Developer,ARC-One Solutions,"Miramar, FL 33023",https://www.indeed.com/viewjob?jk=462824a33b2f5776&tk=1gr98572ejiie801&from=serp&vjs=3
Web Developers/Programmers,Connecx MultiMedia,"Tampa, FL",https://www.indeed.com/viewjob?jk=cc69ebd2e83c875d&tk=1gr98572ejiie801&from=serp&vjs=3
WordPress Developer,Elite Insurance Partners,"Tampa, FL",https://www.indeed.com/viewjob?jk=1bb7b47e47bdbe00&tk=1gr98572ejiie801&from=serp&vjs=3
NodeJS Backend Developer with Angular,LTIMindtree,"Orlando, FL",https://www.indeed.com/viewjob?jk=ce243ed4849b8e04&tk=1gr98572ejiie801&from=serp&vjs=3
PwC Tech - Sr. Front End Developer,PRICE WATERHOUSE COOPERS,"Remote in Tampa, FL",https://www.indeed.com/viewjob?jk=69ea7b404e623e8f&tk=1gr98572ejiie801&from=serp&vjs=3
Front-End Web Developer - Part Time,DigitalCM LLC,"Tampa, FL 33635",https://www.indeed.com/viewjob?jk=cbf954797852f3ab&tk=1gr98572ejiie801&from=serp&vjs=3
Application Integration Developer I/II/III,City of Orlando,"Orlando, FL 32801 (Central Business District area)",https://www.indeed.com/viewjob?jk=c578577cb1df5c4f&tk=1gr98572ejiie801&from=serp&vjs=3
Application Developer - Remote -- 12+ month contract,Locks Global Staffing LLC,"Remote in Miami Beach, FL 33139",https://www.indeed.com/viewjob?jk=167cee3ecadd51ee&tk=1gr98572ejiie801&from=serp&vjs=3
FRONT END DEVELOPER II,Logistic Services Int.,"Jacksonville, FL 32221 (Normandy Estate area)",https://www.indeed.com/viewjob?jk=741816fb7af2403d&tk=1gr98572ejiie801&from=serp&vjs=3
Senior Frontend Engineer at Early Stage Startup,Recruiting From Scratch,"Remote in Miami, FL",https://www.indeed.com/viewjob?jk=64ee22b94dedbf56&tk=1gr98572ejiie801&from=serp&vjs=3
Staff Frontend Engineer,Recruiting From Scratch,"Miami, FL",https://www.indeed.com/viewjob?jk=e580e27a8cd2fac5&tk=1gr98572ejiie801&from=serp&vjs=3
"Application Developer, Data Platform and Analytics",University of Florida,"Hybrid remote in Gainesville, FL 32611",https://www.indeed.com/viewjob?jk=51adc0653dd191e3&tk=1gr98572ejiie801&from=serp&vjs=3
React Developer (W2/Fulltime role),Exarca Inc,"Tampa, FL",https://www.indeed.com/viewjob?jk=6af0021b045b7088&tk=1gr98572ejiie801&from=serp&vjs=3
HTML/Graphic Designers,Webmasters.com,"Remote in Tampa, FL 33611",https://www.indeed.com/viewjob?jk=966e051899cc1449&tk=1gr98572ejiie801&from=serp&vjs=3
Application Developer,Sunwave,"Delray Beach, FL",https://www.indeed.com/viewjob?jk=3da3c381ebbb6490&tk=1gr98572ejiie801&from=serp&vjs=3
Senior Application Developer,Suncoast Credit Union,"Remote in Tampa, FL 33610",https://www.indeed.com/viewjob?jk=ae080858f0299ac5&tk=1gr98572ejiie801&from=serp&vjs=3
PHP/MySQL Developers,Webmasters.com,"Remote in Tampa, FL 33611",https://www.indeed.com/viewjob?jk=53e3797b2d053ae0&tk=1gr98572ejiie801&from=serp&vjs=3
E-Commerce Web Developer in house only - for immediate hiring,HTM-MBS LLC,"Tampa, FL 33624",https://www.indeed.com/viewjob?jk=af097fb1e9818663&tk=1gr98572ejiie801&from=serp&vjs=3
Application Developer *Remote*,Tampa Bay Times,"Remote in Saint Petersburg, FL 33701",https://www.indeed.com/viewjob?jk=50e8434fc7e01074&tk=1gr98572ejiie801&from=serp&vjs=3
Web Developer II,UF Health Shands Hospital,"Jacksonville, FL",https://www.indeed.com/viewjob?jk=3d046afd7f957854&tk=1gr98572ejiie801&from=serp&vjs=3
UI Developer,Koozie Group,"Clearwater, FL 33760",https://www.indeed.com/viewjob?jk=8326e1a050ee312a&tk=1gr98572ejiie801&from=serp&vjs=3
Shopify Developer,Sigma Solve,"Sunrise, FL",https://www.indeed.com/viewjob?jk=294d427969306b01&tk=1gr98572ejiie801&from=serp&vjs=3
Web Designer and Front End Developer,Reach,"Hybrid remote in Kissimmee, FL 34741",https://www.indeed.com/viewjob?jk=5b2f5de7eeb44d29&tk=1gr98572ejiie801&from=serp&vjs=3
Web Developer,SOFTBOLT,"Miami, FL",https://www.indeed.com/viewjob?jk=3600e10dd0671979&tk=1gr98572ejiie801&from=serp&vjs=3
Software Engineer (PHP),Focus School Software,"Remote in Saint Petersburg, FL 33701",https://www.indeed.com/viewjob?jk=04b31108f0f1b963&tk=1gr98572ejiie801&from=serp&vjs=3
Graphic Designer/Front-End Developer,LEVO Health,"Tampa, FL 33629 (Palma Ceia area)",https://www.indeed.com/viewjob?jk=489a8218f7c772d6&tk=1gr98572ejiie801&from=serp&vjs=3
Front End Software Developer,Echo Analytics,"Tampa, FL",https://www.indeed.com/viewjob?jk=1148752a2c6a6e01&tk=1gr98572ejiie801&from=serp&vjs=3
Sr. Software Engineer - Java/ColdFusion,HotelPlanner,"Remote in West Palm Beach, FL",https://www.indeed.com/viewjob?jk=664970453394c69d&tk=1gr98572ejiie801&from=serp&vjs=3
Senior Web Developer,Beast Code,"Hybrid remote in Fort Walton Beach, FL 32548",https://www.indeed.com/viewjob?jk=7d652b50021ee3c5&tk=1gr98572ejiie801&from=serp&vjs=3
Front End Web Designer,COCO design,"Pensacola, FL 32502 (Downtown area)",https://www.indeed.com/viewjob?jk=0440b2f578439f7f&tk=1gr98572ejiie801&from=serp&vjs=3
Jr. UX/UI Developer,Momentum Consulting,"Fort Lauderdale, FL",https://www.indeed.com/viewjob?jk=03cbf598d055cfe6&tk=1gr98572ejiie801&from=serp&vjs=3
Angular Developer,INVENT.us,"Gainesville, FL",https://www.indeed.com/viewjob?jk=20577473e0d640fd&tk=1gr98572ejiie801&from=serp&vjs=3
Principal Software Engineer - Front End Developer/Angular,Strivernet RPO Services Ltd,"Remote in Tampa, FL",https://www.indeed.com/viewjob?jk=734dd0c09e5072fd&tk=1gr98572ejiie801&from=serp&vjs=3
Web Developer,Lake-Sumter State College,"Hybrid remote in Leesburg, FL 34788",https://www.indeed.com/viewjob?jk=8d24bb6217672ffc&tk=1gr98572ejiie801&from=serp&vjs=3
UX/UI Developer,Sarum LLC,"Tampa, FL 33602 (Harbour Island area)",https://www.indeed.com/viewjob?jk=65a60a4a4b29d462&tk=1gr98572ejiie801&from=serp&vjs=3
Web Developer,Ride Along Incorporated,"Remote in Fort Walton Beach, FL 32547",https://www.indeed.com/viewjob?jk=21222feeabd7f428&tk=1gr98572ejiie801&from=serp&vjs=3
Instructional Systems Designer/Developer I,AdventHealth Orlando,"Casselberry, FL 32707",https://www.indeed.com/viewjob?jk=10b4590b34b9fd0d&tk=1gr98572ejiie801&from=serp&vjs=3
Android Developer I - Remote,Global Payments,"Remote in Jacksonville, FL",https://www.indeed.com/viewjob?jk=50f10bafd5234666&tk=1gr98572ejiie801&from=serp&vjs=3
Web Developer,Florida Polytechnic University,"Hybrid remote in Lakeland, FL 33805",https://www.indeed.com/viewjob?jk=528c4090eddf5473&tk=1gr98572ejiie801&from=serp&vjs=3
Mobile Application Developer,TutorOn,"Hybrid remote in Palm City, FL 34990",https://www.indeed.com/viewjob?jk=a9aaae1bb8fd0b3f&tk=1gr98572ejiie801&from=serp&vjs=3
Sr. UI Developer,Atlantis It consulting,"Florida City, FL",https://www.indeed.com/viewjob?jk=b46edaf5754709a5&tk=1gr98572ejiie801&from=serp&vjs=3
"Senior Specialist, Front-End Developer",BNY Mellon,"Lake Mary, FL",https://www.indeed.com/viewjob?jk=2d15cabf5f76bb19&tk=1gr98572ejiie801&from=serp&vjs=3
Front-End Angular 8+ Web Developer (FT),United Systems and Software,"Lake Mary, FL 32746",https://www.indeed.com/viewjob?jk=1858bb1a2cba9d0f&tk=1gr98572ejiie801&from=serp&vjs=3
PHP Developer / Computer Programmer,BASG,"Miami, FL 33186",https://www.indeed.com/viewjob?jk=5a1ac1a10d142335&tk=1gr98572ejiie801&from=serp&vjs=3
Full Stack Developer (Angular/ React),Okaya infocom,"Tampa, FL",https://www.indeed.com/viewjob?jk=2d4ae930248e403a&tk=1gr98572ejiie801&from=serp&vjs=3
React Developer,CAPCO,"Orlando, FL",https://www.indeed.com/viewjob?jk=012dde08df2e97b8&tk=1gr98572ejiie801&from=serp&vjs=3
Sr. Front End Engineer for BIM - React w/ WebGL,OpenSpace,"Remote in Miami, FL",https://www.indeed.com/viewjob?jk=cdca38191a9c9e57&tk=1gr98572ejiie801&from=serp&vjs=3
JavaScript Programmer,ISSO-TECH ENTERPRISES,"Lakeland, FL",https://www.indeed.com/viewjob?jk=a8d4270bceade39c&tk=1gr98572ejiie801&from=serp&vjs=3
.NET Core + React Software Developer – REMOTE,Kikoda,"Remote in Tallahassee, FL 32308",https://www.indeed.com/viewjob?jk=ebe60021f0d64376&tk=1gr98572ejiie801&from=serp&vjs=3
React Developer,plaxonic,"Tampa, FL",https://www.indeed.com/viewjob?jk=16fe14f957124f76&tk=1gr98572ejiie801&from=serp&vjs=3
Jr Software Engineer (3D Application Developer),Dignitas Technologies LLC,"Orlando, FL 32817",https://www.indeed.com/viewjob?jk=22eadd2db6024686&tk=1gr98572ejiie801&from=serp&vjs=3
Software Engineer – Frontend,Intermarkgroup,"Tampa, FL",https://www.indeed.com/viewjob?jk=3795ada6d9672b1e&tk=1gr98572ejiie801&from=serp&vjs=3
Senior .Net Web Developer,New York Life Insurance Co,"Hybrid remote in Tampa, FL",https://www.indeed.com/viewjob?jk=97e6ddbc1bedacf1&tk=1gr98572ejiie801&from=serp&vjs=3
Web and Digital Asset Developer,Hillsborough Community College,"Tampa, FL",https://www.indeed.com/viewjob?jk=0bc203833ec66863&tk=1gr98572ejiie801&from=serp&vjs=3
Magento Front-End Developer,Monin Gourmet Flavorings,"Clearwater, FL 33765",https://www.indeed.com/viewjob?jk=e248a2293a7562f6&tk=1gr98572ejiie801&from=serp&vjs=3
Senior Front End Engineer,Doodles,"Miami, FL",https://www.indeed.com/viewjob?jk=607559a9a410acdc&tk=1gr98572ejiie801&from=serp&vjs=3
Sr React JS Developer or Lead,Hermitage Infotech,"Tampa, FL",https://www.indeed.com/viewjob?jk=dc3749cb5fc59461&tk=1gr98572ejiie801&from=serp&vjs=3
Full Stack Web Developer,PostcardMania,"Clearwater, FL 33765",https://www.indeed.com/viewjob?jk=dcc19625c5ab6bbe&tk=1gr98572ejiie801&from=serp&vjs=3
iOS Developer - REMOTE,eDerm Systems,"Remote in Boca Raton, FL 33431",https://www.indeed.com/viewjob?jk=ea249a3939a324d7&tk=1gr98572ejiie801&from=serp&vjs=3
Senior Developer - Frontend,Deepwatch,"Remote in Tampa, FL",https://www.indeed.com/viewjob?jk=d5dbbcc8bcbde2fe&tk=1gr98572ejiie801&from=serp&vjs=3
SOUTHCOM: SharePoint & JavaScript Programmer Level IV,People Technology and Processes LLC,"Doral, FL",https://www.indeed.com/viewjob?jk=c5b5cfed76bc8d48&tk=1gr98572ejiie801&from=serp&vjs=3
Sr Front End Software Engineer,Everyday Health - Professional,"Fort Lauderdale, FL 33309",https://www.indeed.com/viewjob?jk=b2ebfd6c9e33c54b&tk=1gr98572ejiie801&from=serp&vjs=3
"Educator, Web Developer",BrainStation,"Miami, FL",https://www.indeed.com/viewjob?jk=4d7166ca3e502097&tk=1gr98572ejiie801&from=serp&vjs=3
React JS Developer,Listella,"Orlando, FL 32801 (Central Business District area)",https://www.indeed.com/viewjob?jk=fe1048bd3d1fa690&tk=1gr98572ejiie801&from=serp&vjs=3
Front End Web Developer with SEO Knowledge,The AD Leaf Marketing Firm LLC.,"Melbourne, FL 32935",https://www.indeed.com/viewjob?jk=bd94d88c60989e04&tk=1gr98572ejiie801&from=serp&vjs=3
Software Developer / Application Developer,Leidos,"Key West, FL 33040",https://www.indeed.com/viewjob?jk=443ce46dc797090a&tk=1gr98572ejiie801&from=serp&vjs=3
Forensic Software/Web Developer (Entry and Mid Levels),Cipher Tech Solutions,"Tampa, FL 33629 (Virginia Park area)",https://www.indeed.com/viewjob?jk=54c0e354a4300a87&tk=1gr98572ejiie801&from=serp&vjs=3
Full Stack JavaScript Developer,The Learning Experience,"Deerfield Beach, FL 33441",https://www.indeed.com/viewjob?jk=ac43e5726e31470a&tk=1gr98572ejiie801&from=serp&vjs=3
Web Developer / Administrator,People Technology and Processes LLC,"Tampa, FL 33610",https://www.indeed.com/viewjob?jk=06079544d2b67fbe&tk=1gr98572ejiie801&from=serp&vjs=3
UI Engineer - Officer - Tampa - Hybrid (HM),Citi,"Tampa, FL",https://www.indeed.com/viewjob?jk=a9eaa85b0ad17ad6&tk=1gr98572ejiie801&from=serp&vjs=3
Web Developer,PRI Productions,"Jacksonville, FL",https://www.indeed.com/viewjob?jk=e7754b8568cbce94&tk=1gr98572ejiie801&from=serp&vjs=3
PHP Developer,MyArea Network,"Tampa, FL",https://www.indeed.com/viewjob?jk=d57c385088537da6&tk=1gr98572ejiie801&from=serp&vjs=3
React Developer Solution Specialist (Clearance Eligible) - Location Open,Deloitte,"Lake Mary, FL",https://www.indeed.com/viewjob?jk=26164b3839a93a5b&tk=1gr98572ejiie801&from=serp&vjs=3
Digital Marketing Web Developer/SEO Specialist,"Oglethorpe, Inc.","Tampa, FL 33602 (Downtown area)",https://www.indeed.com/viewjob?jk=3d3ede7d402b8c6f&tk=1gr98572ejiie801&from=serp&vjs=3
Web Developer,"Knight Enterprises, LLC","Titusville, FL 32780",https://www.indeed.com/viewjob?jk=4f5a87c59cbd7c36&tk=1gr98572ejiie801&from=serp&vjs=3
Front End Software Developer,Quiet Professionals LLC,"Tampa, FL 33607 (Tampa International Airport area)",https://www.indeed.com/viewjob?jk=1a7243db540e970e&tk=1gr98572ejiie801&from=serp&vjs=3
Web Developers,eWareness,"Melbourne, FL 32901",https://www.indeed.com/viewjob?jk=65c28be51248267e&tk=1gr98572ejiie801&from=serp&vjs=3
Software Developer in Test (SDET) - iOS/Android (Remote),accesso,"Remote in Orlando, FL",https://www.indeed.com/viewjob?jk=639bc55734b3e594&tk=1gr98572ejiie801&from=serp&vjs=3
Shopify Developer & Expert,MARSP,"Hybrid remote in Miami, FL 33134",https://www.indeed.com/viewjob?jk=9135cfbc9f8a620c&tk=1gr98572ejiie801&from=serp&vjs=3
Lead Front End Developer,Bit-Wizards,"Fort Walton Beach, FL 32548",https://www.indeed.com/viewjob?jk=e538e6410c4c5fc2&tk=1gr98572ejiie801&from=serp&vjs=3
Full Stack Web Developer,Boost Creative,"Cape Coral, FL 33904",https://www.indeed.com/viewjob?jk=07165f403f0c7927&tk=1gr98572ejiie801&from=serp&vjs=3
ASP.NET Web Developer,TechArmy,"Tallahassee, FL 32399",https://www.indeed.com/viewjob?jk=b74e04b00bff445e&tk=1gr98572ejiie801&from=serp&vjs=3
Sr Web Developer,RiseIT Solutions,"Orlando, FL",https://www.indeed.com/viewjob?jk=d46a8cb220f38490&tk=1gr98572ejiie801&from=serp&vjs=3
Front-End Web App Developer – Angular,Crossroads Technologies,"Orlando, FL",https://www.indeed.com/viewjob?jk=439b4a4661ce4831&tk=1gr98572ejiie801&from=serp&vjs=3
Web Developer II - On-Site,Insurance Administrative Solutions,"Clearwater, FL 33764",https://www.indeed.com/viewjob?jk=a8999b7b4d0662a0&tk=1gr98572ejiie801&from=serp&vjs=3
Web Developer,"Aylstock, Witkin, Kreis & Overholtz","Pensacola, FL 32502",https://www.indeed.com/viewjob?jk=0f4d1fc5129790df&tk=1gr98572ejiie801&from=serp&vjs=3
Lead UI Developer (locals NJ or FL),Kairos Technologies Inc,"Tampa, FL 33602 (Harbour Island area)",https://www.indeed.com/viewjob?jk=533967dda958a456&tk=1gr98572ejiie801&from=serp&vjs=3
PHP Programmer,CPIGroup,"Tampa, FL",https://www.indeed.com/viewjob?jk=80d67ebe0479c345&tk=1gr98572ejiie801&from=serp&vjs=3
SHAREPOINT/WEB DEVELOPER,Jacksonville Sheriff's Office,"Jacksonville, FL 32202 (Downtown Jacksonville area)",https://www.indeed.com/viewjob?jk=868f17ff9603ca81&tk=1gr98572ejiie801&from=serp&vjs=3
Onsite - Miami - Sr. Python + UI Developer,Marblo IT Solutions,"Miami, FL 33131 (Brickell area)",https://www.indeed.com/viewjob?jk=332f8677fedc70b1&tk=1gr98572ejiie801&from=serp&vjs=3
Java and Angular FullStack Developer,Citi,"Tampa, FL",https://www.indeed.com/viewjob?jk=108c8410d92edbf6&tk=1gr98572ejiie801&from=serp&vjs=3
Oracle Application Developer,Oxygen Development,"West Palm Beach, FL 33406",https://www.indeed.com/viewjob?jk=e03037f05140eaa0&tk=1gr98572ejiie801&from=serp&vjs=3
Web Developer,DeliverCareRx Pharmacy LLC,"Tampa, FL 33634",https://www.indeed.com/viewjob?jk=7400f425effe045d&tk=1gr98572ejiie801&from=serp&vjs=3
Web Application Developer (E),EBG,"Hybrid remote in Orlando, FL 32819",https://www.indeed.com/viewjob?jk=4bc9346f6777f451&tk=1gr98572ejiie801&from=serp&vjs=3
Shopify Developer,Aroma360,"Miami, FL 33127 (Wynwood - Edgewater area)",https://www.indeed.com/viewjob?jk=95887b5f3b64e680&tk=1gr98572ejiie801&from=serp&vjs=3
Manager Application Development,CVS Health,Florida,https://www.indeed.com/viewjob?jk=85c4c6577c18dfe4&tk=1gr98572ejiie801&from=serp&vjs=3
Senior JavaScript Application Developer,RF-SMART,"Jacksonville, FL 32207 (Spring Park area)",https://www.indeed.com/viewjob?jk=524f93d631252870&tk=1gr98572ejiie801&from=serp&vjs=3
Mobile Developer (React Native),Cinch Home Services,"Boca Raton, FL",https://www.indeed.com/viewjob?jk=94996ebda344cfb6&tk=1gr98572ejiie801&from=serp&vjs=3
UI / UX Developer,Sparibis,"Remote in Orlando, FL",https://www.indeed.com/viewjob?jk=d59a2466d4843616&tk=1gr98572ejiie801&from=serp&vjs=3
Senior Front-end Lead Angular Developer (Remote),cloudteam,"Remote in Jacksonville, FL 32202",https://www.indeed.com/viewjob?jk=61af2bb9584e8d2b&tk=1gr98572ejiie801&from=serp&vjs=3
HTML Data Entry Assistant,Convert2Media,"Ocoee, FL",https://www.indeed.com/viewjob?jk=b3334b4002f33b5f&tk=1gr98572ejiie801&from=serp&vjs=3
Principal React Developer - Remote - USA,FullStack Labs,"Remote in Miami, FL",https://www.indeed.com/viewjob?jk=56bdeb44dc994df4&tk=1gr98572ejiie801&from=serp&vjs=3
HL7 FHIR Interface developer,Deloitte,"Tampa, FL 33602 (Downtown area)",https://www.indeed.com/viewjob?jk=d4dbfa6bff766b74&tk=1gr98572ejiie801&from=serp&vjs=3
RF Front End Engineer,Leidos,"Eglin AFB, FL 32542",https://www.indeed.com/viewjob?jk=7f4ef0e834c990fd&tk=1gr98572ejiie801&from=serp&vjs=3
UI Developer,Modus Operandi,"Melbourne, FL",https://www.indeed.com/viewjob?jk=92551b78e1d99103&tk=1gr98572ejiie801&from=serp&vjs=3
React Developer,ClearlyAgile,"Remote in Tampa, FL 33602",https://www.indeed.com/viewjob?jk=ea75e7d6b17c331e&tk=1gr98572ejiie801&from=serp&vjs=3
PHP Developer / MVC Developer,Sigma Solve,"Sunrise, FL",https://www.indeed.com/viewjob?jk=1a1848404edaa269&tk=1gr98572ejiie801&from=serp&vjs=3
WordPress Web Developer,MaxDream Corporation,"Fort Lauderdale, FL",https://www.indeed.com/viewjob?jk=9217fb7b0efce553&tk=1gr98572ejiie801&from=serp&vjs=3
Front End Web Designer,Chargebacks911,"Clearwater, FL 33764",https://www.indeed.com/viewjob?jk=25e8a4fc3a41b257&tk=1gr98572ejiie801&from=serp&vjs=3
Senior ﻿Application Developer (Java),Raymond James,"Saint Petersburg, FL 33716 (Carillon area)",https://www.indeed.com/viewjob?jk=f71179b234d6760f&tk=1gr98572ejiie801&from=serp&vjs=3
Web Developer,OneBlood,"Orlando, FL 32819 (Florida Center area)",https://www.indeed.com/viewjob?jk=3b852e9c4be61b72&tk=1gr98572ejiie801&from=serp&vjs=3
PHP Developer,AutoLoanDaily,"Fort Lauderdale, FL",https://www.indeed.com/viewjob?jk=735d40e81bed6e55&tk=1gr98572ejiie801&from=serp&vjs=3
Deloitte Digital: Webmaster & Digital Strategist - National_Office,Deloitte,"Tallahassee, FL 32301",https://www.indeed.com/viewjob?jk=dadeaf23a0b8f845&tk=1gr98572ejiie801&from=serp&vjs=3
Front-End Senior Software Engineer,Total Wine & More,"Boca Raton, FL 33431",https://www.indeed.com/viewjob?jk=4629fe8f8e363f59&tk=1gr98572ejiie801&from=serp&vjs=3
Android Engineer,Recruiting From Scratch,"Remote in Clearwater, FL 33759",https://www.indeed.com/viewjob?jk=e7977c800735ea61&tk=1gr98572ejiie801&from=serp&vjs=3
Application Lead MMIS Reporting and Analytics development,Deloitte,"Tallahassee, FL 32301",https://www.indeed.com/viewjob?jk=4499a233029d6998&tk=1gr98572ejiie801&from=serp&vjs=3
iOS Developer,Emonics LLC,"Tallahassee, FL 32301",https://www.indeed.com/viewjob?jk=a595ef0f75938d17&tk=1gr98572ejiie801&from=serp&vjs=3
Angular Developer,Xperti,"Orlando, FL",https://www.indeed.com/viewjob?jk=37794809971752ce&tk=1gr98572ejiie801&from=serp&vjs=3
Pet Health - Software Engineer II (Frontend),Chewy,"Plantation, FL",https://www.indeed.com/viewjob?jk=cadf2f5ec8981b69&tk=1gr98572ejiie801&from=serp&vjs=3
PART TIME – MARKETING WEB CONTENT/DEVELOPER,ADVANCED Equipment and Services,"Coral Springs, FL",https://www.indeed.com/viewjob?jk=7c09381ff50f9e23&tk=1gr98572ejiie801&from=serp&vjs=3
Web Developer,Shell Point Retirement Community,"Fort Myers, FL 33908",https://www.indeed.com/viewjob?jk=f51def05ced31ed2&tk=1gr98572ejiie801&from=serp&vjs=3
Full Stack Web Development Instructor - University of Miami (Remote),edX Boot Camps,"Remote in Miami, FL",https://www.indeed.com/viewjob?jk=e89530d353fe621c&tk=1gr98572ejiie801&from=serp&vjs=3
Sr. Angular Developer(W2 only),Silverxis,"Jupiter, FL 33458",https://www.indeed.com/viewjob?jk=f4aaba0b228ab93c&tk=1gr98572ejiie801&from=serp&vjs=3
Web Developer,TaxFam,"Oakland Park, FL 33311 (Royal Palm Acres area)",https://www.indeed.com/viewjob?jk=4e38aacbf11a6e2a&tk=1gr98572ejiie801&from=serp&vjs=3
UI/UX Engineer,Kaizen Analytix,"Fort Lauderdale, FL",https://www.indeed.com/viewjob?jk=b41a4e9bc25b4a66&tk=1gr98572ejiie801&from=serp&vjs=3
Front-End Web Developer,Fortegra Financial,"Jacksonville, FL 32256 (Deerwood area)",https://www.indeed.com/viewjob?jk=a87e076c11ab2559&tk=1gr98572ejiie801&from=serp&vjs=3
.NET and Web Developer (US Remote),Magaya Corporation,"Remote in Miami, FL 33166",https://www.indeed.com/viewjob?jk=c30b2e5fc859528e&tk=1gr98572ejiie801&from=serp&vjs=3
Android Developer,SDH Systems,"Tampa, FL 33607",https://www.indeed.com/viewjob?jk=0a4d60f3bb557557&tk=1gr98572ejiie801&from=serp&vjs=3
Senior WordPress Developer,OGK Creative,"Boca Raton, FL",https://www.indeed.com/viewjob?jk=cad3d4f32bb52edd&tk=1gr98572ejiie801&from=serp&vjs=3
Application Development Consultant,Highmark Health,Florida,https://www.indeed.com/viewjob?jk=ebcb26de64cf301e&tk=1gr98572ejiie801&from=serp&vjs=3
"Technical Lead, Application Development",BNY Mellon,"Hybrid remote in Lake Mary, FL",https://www.indeed.com/viewjob?jk=f0907ce5ba2e6d71&tk=1gr98572ejiie801&from=serp&vjs=3
Senior React Developer,TrustLayer,"Remote in Tampa, FL",https://www.indeed.com/viewjob?jk=f0a4abf4517ae8b7&tk=1gr98572ejiie801&from=serp&vjs=3
"Software Engineer, User Interface",Wabtec,"West Melbourne, FL",https://www.indeed.com/viewjob?jk=6c9b6a78a548333d&tk=1gr98572ejiie801&from=serp&vjs=3
Java PHP Developer,Intellidyne Business Systems,"Fort Lauderdale, FL",https://www.indeed.com/viewjob?jk=47ff9729529b97b0&tk=1gr98572ejiie801&from=serp&vjs=3
Sr. Full Stack Web Developer - C#,Konviere Corporation,"Fort Lauderdale, FL",https://www.indeed.com/viewjob?jk=03c6c1d69e1b4069&tk=1gr98572ejiie801&from=serp&vjs=3
Sr. PHP Developer,ttg Talent Solutions,"Miami, FL",https://www.indeed.com/viewjob?jk=3d6771d78ef464c1&tk=1gr98572ejiie801&from=serp&vjs=3
Senior Developer - REACT Framework,Apexon,"Lake Mary, FL",https://www.indeed.com/viewjob?jk=1be00b5255a66594&tk=1gr98572ejiie801&from=serp&vjs=3
Android (Flutter) Developer,Webxloo,"Tampa, FL 33760",https://www.indeed.com/viewjob?jk=92ee41840452a447&tk=1gr98572ejiie801&from=serp&vjs=3
Application developer,IT Experts USA,"Tampa, FL",https://www.indeed.com/viewjob?jk=c13c3044a4196a52&tk=1gr98572ejiie801&from=serp&vjs=3
iOS Developer,Haneke Design,"Tampa, FL 33602 (Downtown area)",https://www.indeed.com/viewjob?jk=e87c84e48fa349b0&tk=1gr98572ejiie801&from=serp&vjs=3
Shopify Developer,Miami Heat Limited Partnership,"Miami, FL 33132 (Downtown area)",https://www.indeed.com/viewjob?jk=7978eabd2a2cd570&tk=1gr98572ejiie801&from=serp&vjs=3
UI Developer,Yash Creations,"Jacksonville, FL 32256 (Baymeadows area)",https://www.indeed.com/viewjob?jk=94f9dad33476bffd&tk=1gr98572ejiie801&from=serp&vjs=3
Senior Web Developer,Site Impact,"Pompano Beach, FL 33073",https://www.indeed.com/viewjob?jk=74594ed2c276b0dd&tk=1gr98572ejiie801&from=serp&vjs=3
Mobile Application Developer,Sparibis,"Remote in Orlando, FL",https://www.indeed.com/viewjob?jk=5ce961c91b74564b&tk=1gr98572ejiie801&from=serp&vjs=3
Webmaster and Creative Designer,STORM SMART BUILDING SYSTEMS LLC,"Fort Myers, FL 33966",https://www.indeed.com/viewjob?jk=027de00f3086f514&tk=1gr98572ejiie801&from=serp&vjs=3
"WordPress Developer (Must be local to Clearwater, FL)",PostcardMania,"Clearwater, FL 33765",https://www.indeed.com/viewjob?jk=566735f3cf4cb485&tk=1gr98572ejiie801&from=serp&vjs=3
"2022-2023 Engineering & Computer Science, Student Junior Web Developer/Webmaster",Florida International University,"Miami, FL",https://www.indeed.com/viewjob?jk=8e5a19eb68e38c2c&tk=1gr98572ejiie801&from=serp&vjs=3
Web Designer/Developer,Noel Christmas lights professional inc,"Fort Lauderdale, FL 33351",https://www.indeed.com/viewjob?jk=ce5f172890ac51d0&tk=1gr98572ejiie801&from=serp&vjs=3
"Lead Android Mobile Developer, Applications Development",Raymond James Financial,"Saint Petersburg, FL 33716 (Carillon area)",https://www.indeed.com/viewjob?jk=411f3f9ea8ce7b32&tk=1gr98572ejiie801&from=serp&vjs=3
Android Developer,Wise Equation Solutions,"Temple Terrace, FL 33637",https://www.indeed.com/viewjob?jk=0e7f96ec972d6785&tk=1gr98572ejiie801&from=serp&vjs=3
Angular Developer,Stier Solutions,"North Palm Beach, FL 33408",https://www.indeed.com/viewjob?jk=a1f998636e1b8ea3&tk=1gr98572ejiie801&from=serp&vjs=3
Application Developer,Florida International University,"Miami, FL 33199",https://www.indeed.com/viewjob?jk=6848a182ac1f0227&tk=1gr98572ejiie801&from=serp&vjs=3
Oracle Application Developer,ttg Talent Solutions,"Palm Springs, FL",https://www.indeed.com/viewjob?jk=41aba3b9e936df19&tk=1gr98572ejiie801&from=serp&vjs=3
Application Developer,BRS,"Jacksonville, FL",https://www.indeed.com/viewjob?jk=e22e3fa93b50f07f&tk=1gr98572ejiie801&from=serp&vjs=3
"Developer, Web Applications FT, Mon",Broward Health Corporate,"Fort Lauderdale, FL",https://www.indeed.com/viewjob?jk=6e56199869c9ccda&tk=1gr98572ejiie801&from=serp&vjs=3
"Application Developer II, Data Management",University of Florida,"Hybrid remote in Gainesville, FL 32611",https://www.indeed.com/viewjob?jk=288bd00e74708068&tk=1gr98572ejiie801&from=serp&vjs=3
Application Developer,"Global Ordnance, LLC","Sarasota, FL 34243",https://www.indeed.com/viewjob?jk=d12c743f583c82d4&tk=1gr98572ejiie801&from=serp&vjs=3
Application Developer/Designer,Florida State University,"Tallahassee, FL",https://www.indeed.com/viewjob?jk=dbdef002ce493e69&tk=1gr98572ejiie801&from=serp&vjs=3
iOS developer,Dew Software,"Cocoa, FL",https://www.indeed.com/viewjob?jk=497de6a072200368&tk=1gr98572ejiie801&from=serp&vjs=3
Staff Software Engineer Frontend,Chewy,"Plantation, FL",https://www.indeed.com/viewjob?jk=7600494682d3ef14&tk=1gr98572ejiie801&from=serp&vjs=3
Web Programmer & Designer ⮕,United Landmark Associates,"Tampa, FL 33609 (Swann Estates area)",https://www.indeed.com/viewjob?jk=a8d0e6ab5e4f3f9a&tk=1gr98572ejiie801&from=serp&vjs=3
Application Developer IV - Remote,Ryder System,"Remote in Tallahassee, FL 32395",https://www.indeed.com/viewjob?jk=e91cfc363afd746c&tk=1gr98572ejiie801&from=serp&vjs=3
Java Application Developer,Sparibis,"Tallahassee, FL",https://www.indeed.com/viewjob?jk=3a8e5f4b53e19f32&tk=1gr98572ejiie801&from=serp&vjs=3
Unique UI/UX Designer and JavaScript Technical Developer,Crossroads Technologies,"Orlando, FL",https://www.indeed.com/viewjob?jk=247510f15fd16963&tk=1gr98572ejiie801&from=serp&vjs=3
Angular Developer,okaya inc,"Tampa, FL 33602 (Harbour Island area)",https://www.indeed.com/viewjob?jk=3a7976546ef2b715&tk=1gr98572ejiie801&from=serp&vjs=3
"Software Developer/Engineer I, Application Development CWS",CardWorks,"Orlando, FL 32819 (Florida Center area)",https://www.indeed.com/viewjob?jk=dff75f2455391332&tk=1gr98572ejiie801&from=serp&vjs=3
Sr Java Angular Developer,TIAA,"Jacksonville, FL",https://www.indeed.com/viewjob?jk=c187a8463cf318ac&tk=1gr98572ejiie801&from=serp&vjs=3
iOS Developer,Triangulate Labs,"Hybrid remote in Boynton Beach, FL 33436",https://www.indeed.com/viewjob?jk=805799153dc657f3&tk=1gr98572ejiie801&from=serp&vjs=3
Application Developer,Tetra Tech,"Maitland, FL",https://www.indeed.com/viewjob?jk=ae4d3cecd69bd514&tk=1gr98572ejiie801&from=serp&vjs=3
Software Development- Front End Lead,Stantec,"Sarasota, FL 34240",https://www.indeed.com/viewjob?jk=f3ee799c42acfb7b&tk=1gr98572ejiie801&from=serp&vjs=3
Senior Application Developer,TekBank Consultants Inc.,"Tallahassee, FL",https://www.indeed.com/viewjob?jk=641c930f12d1159c&tk=1gr98572ejiie801&from=serp&vjs=3
Mobile Engineer,Lincoln Harris,"Tampa, FL",https://www.indeed.com/viewjob?jk=94902f78d519dab6&tk=1gr98572ejiie801&from=serp&vjs=3
Applications Development Analyst,SDH Systems,"Tallahassee, FL",https://www.indeed.com/viewjob?jk=21732520c21440b6&tk=1gr98572ejiie801&from=serp&vjs=3
Java Full Stack Front End Developer Solution Specialist (Clearance Eligible) - Location Open,Deloitte,"Tampa, FL 33602 (Downtown area)",https://www.indeed.com/viewjob?jk=c1d6ea6ac5a991ec&tk=1gr98572ejiie801&from=serp&vjs=3
Application Developer Web/.Net,Southern Glazer’s Wine and Spirits,"Miramar, FL 33025",https://www.indeed.com/viewjob?jk=0f79504fd9c078b1&tk=1gr98572ejiie801&from=serp&vjs=3
Applications Development Analyst,"E-Logic, Inc.","Tallahassee, FL 32311",https://www.indeed.com/viewjob?jk=69517385bfcbb88c&tk=1gr98572ejiie801&from=serp&vjs=3
Web Developer II,Integrity Marketing Group,"Clearwater, FL 33764",https://www.indeed.com/viewjob?jk=277ad0a153d6296b&tk=1gr98572ejiie801&from=serp&vjs=3
"Staff Software Engineer, Front-End - MAX Digital",ACV Auctions,Florida,https://www.indeed.com/viewjob?jk=845bb67e4ffce2e3&tk=1gr98572ejiie801&from=serp&vjs=3
Sr. Web Application Programmer,TECKpert,"Miami, FL 33176",https://www.indeed.com/viewjob?jk=9baf2de9749ac8cf&tk=1gr98572ejiie801&from=serp&vjs=3
Web UI/UX Designer and Developer,LEVO Health,"Tampa, FL 33629 (Palma Ceia area)",https://www.indeed.com/viewjob?jk=7fd28e6369167042&tk=1gr98572ejiie801&from=serp&vjs=3
Web Developer,CompuSys,"Daytona Beach, FL 32114",https://www.indeed.com/viewjob?jk=648e519a7295a44d&tk=1gr98572ejiie801&from=serp&vjs=3
Lead JavaScript Engineer,Raymond James Financial,"Saint Petersburg, FL 33716 (Carillon area)",https://www.indeed.com/viewjob?jk=b8f1fae4507cfcdb&tk=1gr98572ejiie801&from=serp&vjs=3
C# Application Developer FEATURED,Galaxy Tek Hires,"Palm Bay, FL",https://www.indeed.com/viewjob?jk=1395456e9a176f9f&tk=1gr98572ejiie801&from=serp&vjs=3
Sr. React.JS/JavaScript Software Engineer,"MAD MOBILE, INC.","Tampa, FL 33602 (Downtown area)",https://www.indeed.com/viewjob?jk=3394d625bb916dbe&tk=1gr98572ejiie801&from=serp&vjs=3
PHP Software Engineer,APPS CONSULTANTS,"Hollywood, FL 33021 (Hollywood Hills area)",https://www.indeed.com/viewjob?jk=3f76cc6c59560fd5&tk=1gr98572ejiie801&from=serp&vjs=3
Web Developer,Tech Army,"Tallahassee, FL 32301",https://www.indeed.com/viewjob?jk=4712dcacb569ad46&tk=1gr98572ejiie801&from=serp&vjs=3
Full Stack Web Developer,AiVTAR,"Tampa, FL",https://www.indeed.com/viewjob?jk=21904d59b5cac26f&tk=1gr98572ejiie801&from=serp&vjs=3
"Senior, UX Designer, Developer Ecosystem","Magic Leap, Inc.","Remote in Fort Lauderdale, FL",https://www.indeed.com/viewjob?jk=6bf0dea9fcc52dab&tk=1gr98572ejiie801&from=serp&vjs=3
Maitenance and Frontend Service,Walmart,"Largo, FL 33771",https://www.indeed.com/viewjob?jk=72da2bdec29ad126&tk=1gr98572ejiie801&from=serp&vjs=3
Cloud Application Developer,Navy Federal Credit Union,"Pensacola, FL",https://www.indeed.com/viewjob?jk=6e751e5cd8a9e98c&tk=1gr98572ejiie801&from=serp&vjs=3
Software Developer- Web Applications,Cruise Planners,"Coral Springs, FL 33065",https://www.indeed.com/viewjob?jk=ccd995c9e010a84a&tk=1gr98572ejiie801&from=serp&vjs=3
Senior Web Developer,SES Space & Defense,"Tampa, FL",https://www.indeed.com/viewjob?jk=3b904b1d28071648&tk=1gr98572ejiie801&from=serp&vjs=3
Application Developer,"Harvey Software, Inc.","Fort Myers, FL",https://www.indeed.com/viewjob?jk=3007a057a02bda56&tk=1gr98572ejiie801&from=serp&vjs=3
Technical Support Engineer - Automation (JavaScript),ASA,"Orlando, FL 32826",https://www.indeed.com/viewjob?jk=699ce363e44cee4d&tk=1gr98572ejiie801&from=serp&vjs=3
Web/.Net Developer,Orizon360°,"Weston, FL 33326",https://www.indeed.com/viewjob?jk=a38248b573150d5a&tk=1gr98572ejiie801&from=serp&vjs=3
Full stack Developer- Angular/ React,Plaxonic Technologies,"Tampa, FL",https://www.indeed.com/viewjob?jk=b82f67e62d7c05cd&tk=1gr98572ejiie801&from=serp&vjs=3
Web Developer,VPSI,"Pensacola, FL",https://www.indeed.com/viewjob?jk=316de9c2e937c970&tk=1gr98572ejiie801&from=serp&vjs=3
WordPress Developer,Emcyte Corporation,"Fort Myers, FL 33916",https://www.indeed.com/viewjob?jk=8e07c24c01018cca&tk=1gr98572ejiie801&from=serp&vjs=3
HTML5 Email and Banner Developer,Zimmerman Advertising,"Fort Lauderdale, FL",https://www.indeed.com/viewjob?jk=b2758b35351f2edf&tk=1gr98572ejiie801&from=serp&vjs=3
"Lead iOS Engineer, News",Recruiting From Scratch,"Remote in Miami, FL",https://www.indeed.com/viewjob?jk=4dae3c28de880cbc&tk=1gr98572ejiie801&from=serp&vjs=3
iOS Software Engineer,Chewy,"Plantation, FL",https://www.indeed.com/viewjob?jk=38a94ae177a3224b&tk=1gr98572ejiie801&from=serp&vjs=3
Application Developer I,Carlisle Companies,"Saint Augustine, FL 32092",https://www.indeed.com/viewjob?jk=eeb86a62dd13d61c&tk=1gr98572ejiie801&from=serp&vjs=3
Application Developer (Intermediate),TekBank Consultants Inc.,"Tallahassee, FL",https://www.indeed.com/viewjob?jk=6a9e2ce5d2291f94&tk=1gr98572ejiie801&from=serp&vjs=3
Development - Senior Applications Developer,AccuReg,"Remote in Orlando, FL 32801",https://www.indeed.com/viewjob?jk=2b794e21deb7d1ea&tk=1gr98572ejiie801&from=serp&vjs=3
Application Developer,Atlantic Digital,"Eglin AFB, FL 32547",https://www.indeed.com/viewjob?jk=4618469e8c326e92&tk=1gr98572ejiie801&from=serp&vjs=3
Application Developer II,Health System One,"Fort Lauderdale, FL",https://www.indeed.com/viewjob?jk=c3ce24681c150ba8&tk=1gr98572ejiie801&from=serp&vjs=3
React Developer with Java,Plaxonic Technologies,"Tampa, FL",https://www.indeed.com/viewjob?jk=d9793391d94f9d67&tk=1gr98572ejiie801&from=serp&vjs=3
Web Developer,Sunset Intimates,"Jacksonville, FL 32207 (Spring Park area)",https://www.indeed.com/viewjob?jk=e952fcc673a3e23e&tk=1gr98572ejiie801&from=serp&vjs=3
PHP Developer,Brivin Corp,"North Miami, FL",https://www.indeed.com/viewjob?jk=baf0325ed84860ef&tk=1gr98572ejiie801&from=serp&vjs=3
Application Developer II,MaxDream Corporation,"Fort Lauderdale, FL",https://www.indeed.com/viewjob?jk=c45d403670ea801c&tk=1gr98572ejiie801&from=serp&vjs=3
ASP/ASP.NET Web Developer,Longhorn India Technologies,"Miami, FL",https://www.indeed.com/viewjob?jk=d60667447a5068c8&tk=1gr98572ejiie801&from=serp&vjs=3
"Senior Application Developer, ETL",TIAA,"Jacksonville, FL",https://www.indeed.com/viewjob?jk=79a2f10f7ddbce8d&tk=1gr98572ejiie801&from=serp&vjs=3
Web Design / Programmer,George's Music,"Jupiter, FL",https://www.indeed.com/viewjob?jk=de1ac5290f262098&tk=1gr98572ejiie801&from=serp&vjs=3
Application Developer,Aleknagik Technology,"Jacksonville, FL",https://www.indeed.com/viewjob?jk=524ce8d7ba2f2bd8&tk=1gr98572ejiie801&from=serp&vjs=3
UX/UI Developer,"GLOTECH, Inc.","Orlando, FL",https://www.indeed.com/viewjob?jk=693c7bd6ea5d9be3&tk=1gr98572ejiie801&from=serp&vjs=3
Senior Financial Systems Analyst (Web Development),Disney,"Lake Buena Vista, FL",https://www.indeed.com/viewjob?jk=e0329f1700bac37a&tk=1gr98572ejiie801&from=serp&vjs=3
Web Application Developer,Plaxonic Technologies,"Tallahassee, FL",https://www.indeed.com/viewjob?jk=29456aadefe4f89f&tk=1gr98572ejiie801&from=serp&vjs=3
Web Developer / Programmer,561 Media,"Boca Raton, FL 33432",https://www.indeed.com/viewjob?jk=7fc832fd3182fcb5&tk=1gr98572ejiie801&from=serp&vjs=3
Application Developer,Jacobs,"Eglin AFB, FL 32542",https://www.indeed.com/viewjob?jk=7e9bf81dfc444a83&tk=1gr98572ejiie801&from=serp&vjs=3
Application Development Specialist,eGrove Systems Corporation,"Tallahassee, FL",https://www.indeed.com/viewjob?jk=ccfb7c3b9a4c7433&tk=1gr98572ejiie801&from=serp&vjs=3
Java Developer- Scala & AWS,Plantek,"Juno Beach, FL",https://www.indeed.com/viewjob?jk=1b45cde9e8a930b0&tk=1gr98572ejiie801&from=serp&vjs=3
Senior Fullstack Engineer (Web Platform),Recruiting From Scratch,"Clearwater, FL 33759",https://www.indeed.com/viewjob?jk=c4288abf4278b7f6&tk=1gr98572ejiie801&from=serp&vjs=3
Application Developers / Engineers,Florida Senate,"Tallahassee, FL 32301",https://www.indeed.com/viewjob?jk=fe48b2b74882b549&tk=1gr98572ejiie801&from=serp&vjs=3
Application Developer II,The Haskell Company,"Jacksonville, FL 32202",https://www.indeed.com/viewjob?jk=da4150d07c55e3d0&tk=1gr98572ejiie801&from=serp&vjs=3
Application Developer / Programmer,Building Energy Sciences,"Pensacola, FL 32507",https://www.indeed.com/viewjob?jk=c96486459e2b9047&tk=1gr98572ejiie801&from=serp&vjs=3
APP DEVELOPMENT CONSULTANT for INSIDE SALES POSITION,(Located Downtown Miami),"Miami, FL 33130 (Little Havana area)",https://www.indeed.com/viewjob?jk=e574e31ea0f24ba6&tk=1gr98572ejiie801&from=serp&vjs=3
Web Applications Programmer-Advanced,TECKpert,"Miami, FL 33175",https://www.indeed.com/viewjob?jk=ab8e3c790faf4429&tk=1gr98572ejiie801&from=serp&vjs=3
GIS Application Developer -Miami,TECKpert,"Hybrid remote in Miami, FL 33176",https://www.indeed.com/viewjob?jk=a5d82128eb89d25b&tk=1gr98572ejiie801&from=serp&vjs=3
Software Engineer: Microservices/Web-GUI,COMTECH TELECOMMUNICATIONS,"Orlando, FL 32809",https://www.indeed.com/viewjob?jk=12a4a074ea25474f&tk=1gr98572ejiie801&from=serp&vjs=3
Full Stack Developer - (Java/Javascript),Thentia,"Hybrid remote in Miami, FL",https://www.indeed.com/viewjob?jk=e0d8c71ea8671d7b&tk=1gr98572ejiie801&from=serp&vjs=3
Application Development (System Analyst) I,"Florida Health Care Plans, Inc.","Daytona Beach, FL 32114",https://www.indeed.com/viewjob?jk=b910ba115e2a5d40&tk=1gr98572ejiie801&from=serp&vjs=3
Senior Frontend Software Engineer (Analytics),Chewy,"Plantation, FL",https://www.indeed.com/viewjob?jk=1abd476d9c47cac0&tk=1gr98572ejiie801&from=serp&vjs=3
iOS Developer,Hyperride Technologies,"Coral Springs, FL 33065",https://www.indeed.com/viewjob?jk=3b5993da25c83ccf&tk=1gr98572ejiie801&from=serp&vjs=3
iOS Developer,Hyperride Design,"Coral Springs, FL 33065",https://www.indeed.com/viewjob?jk=7eb3919128fb71a1&tk=1gr98572ejiie801&from=serp&vjs=3
Frontend Engineer,XO,"Fort Lauderdale, FL 33309",https://www.indeed.com/viewjob?jk=672b5c1890f8183f&tk=1gr98572ejiie801&from=serp&vjs=3
Android Developer,Haneke Design,"Tampa, FL 33602 (Downtown area)",https://www.indeed.com/viewjob?jk=dba3a7225f465272&tk=1gr98572ejiie801&from=serp&vjs=3
.NET WEB APPLICATION DEVELOPER,Miami-Dade County Public Schools,"Hybrid remote in Miami, FL 33175",https://www.indeed.com/viewjob?jk=b8c2b70801fd223f&tk=1gr98572ejiie801&from=serp&vjs=3
Senior Web Developer - FS One,Full Sail University,"Winter Park, FL 32792",https://www.indeed.com/viewjob?jk=12019a3806ce6701&tk=1gr98572ejiie801&from=serp&vjs=3
Senior Manager Application Developer - GUA Gov Act Informatics,CVS Health,Remote in Florida,https://www.indeed.com/viewjob?jk=b36e6478c2497732&tk=1gr98572ejiie801&from=serp&vjs=3
Application Developer,Gracepoint,"Tampa, FL 33610 (Live Oaks Square area)",https://www.indeed.com/viewjob?jk=172624632d0d5919&tk=1gr98572ejiie801&from=serp&vjs=3
Web Development Engineer FEATURED,Galaxy Tek Hires,"Palm Bay, FL",https://www.indeed.com/viewjob?jk=c2d0d4967b4d1b5d&tk=1gr98572ejiie801&from=serp&vjs=3
Application Developer I,Health System One,"Fort Lauderdale, FL",https://www.indeed.com/viewjob?jk=60b4c47567d22a8b&tk=1gr98572ejiie801&from=serp&vjs=3
Application Developer (Oracle),TECKpert,"Tallahassee, FL 32301",https://www.indeed.com/viewjob?jk=9dea4fb5fec74037&tk=1gr98572ejiie801&from=serp&vjs=3
Senior Manager-App Development,Verizon,"Lake Mary, FL 32746",https://www.indeed.com/viewjob?jk=204f8e62b6ae590d&tk=1gr98572ejiie801&from=serp&vjs=3
Lead Drupal Developer - 0611 (REMOTE),Miles Partnership,Remote in Florida,https://www.indeed.com/viewjob?jk=34002f5fdf1b1c92&tk=1gr98572ejiie801&from=serp&vjs=3
Smartsheet Application Developer,"KnowledgePro, LLC","Hybrid remote in Tallahassee, FL 32303",https://www.indeed.com/viewjob?jk=cea490fa1d848fec&tk=1gr98572ejiie801&from=serp&vjs=3
iOS Technician,GatorTec,"Gainesville, FL 32608",https://www.indeed.com/viewjob?jk=b105c7109d28d9c9&tk=1gr98572ejiie801&from=serp&vjs=3
SOFTWARE ENGINEER - WEB DEVELOPER (Security Clearance),Infipact,"Palm Bay, FL 32905",https://www.indeed.com/viewjob?jk=732d6f8ea43ff826&tk=1gr98572ejiie801&from=serp&vjs=3
Front-End Web Developer,Zimmerman Advertising,"Fort Lauderdale, FL",https://www.indeed.com/viewjob?jk=0fdd6138e7f2147c&tk=1gr98572ejiie801&from=serp&vjs=3
Senior Application Development Lead - Remote,Ryder System,"Remote in Miami, FL 33178",https://www.indeed.com/viewjob?jk=e33b6b306c4f690c&tk=1gr98572ejiie801&from=serp&vjs=3
"Project Engineer, Facility (PM Web)",Universal Creative,"Orlando, FL (Florida Center area)",https://www.indeed.com/viewjob?jk=c46c92b22f75afb4&tk=1gr98572ejiie801&from=serp&vjs=3
PHP Web Developer,Peter Glenn Ski & Sports,"Fort Lauderdale, FL 33311 (Dillard Park area)",https://www.indeed.com/viewjob?jk=e0ed4b905f891c92&tk=1gr98572ejiie801&from=serp&vjs=3
Lab Specialist - Web Development BS,Full Sail University,"Winter Park, FL 32792",https://www.indeed.com/viewjob?jk=1b064fa8b33db1d9&tk=1gr98572ejiie801&from=serp&vjs=3
Sr. Application Developer,"Cass Information Systems, Inc.","Jacksonville, FL 32256",https://www.indeed.com/viewjob?jk=e1525a69f722bd61&tk=1gr98572ejiie801&from=serp&vjs=3
"Coordinator, Computer Applications - Web Developer",Florida A&M University,"Tallahassee, FL 32307",https://www.indeed.com/viewjob?jk=08b362ed2b8b2c82&tk=1gr98572ejiie801&from=serp&vjs=3
Android Developer,Kodeva,"Orlando, FL",https://www.indeed.com/viewjob?jk=5b66bc3bed237f36&tk=1gr98572ejiie801&from=serp&vjs=3
Email Developer,Paper Street Media,"Miami, FL 33132 (Downtown area)",https://www.indeed.com/viewjob?jk=7acef78543b17564&tk=1gr98572ejiie801&from=serp&vjs=3
Frontend Engineer,Red Wing Aviation,"Fort Lauderdale, FL 33309",https://www.indeed.com/viewjob?jk=5c677298adf15413&tk=1gr98572ejiie801&from=serp&vjs=3
Frontend Engineer,XOJET Aviation,"Fort Lauderdale, FL 33309",https://www.indeed.com/viewjob?jk=250a4f1c10e55319&tk=1gr98572ejiie801&from=serp&vjs=3
"2023- IT Accelerated Development Program (ADP): Application Development Track- June Start Date- St. Petersburg, FL",Raymond James Financial,"Saint Petersburg, FL 33716 (Carillon area)",https://www.indeed.com/viewjob?jk=432a8da015f68db8&tk=1gr98572ejiie801&from=serp&vjs=3
Jr. Web Applications Developer/Software Engineer,React,"Melbourne, FL 32904",https://www.indeed.com/viewjob?jk=10ce621c5ad46f68&tk=1gr98572ejiie801&from=serp&vjs=3
Android Mobile Reverse Engineer: Entry/Junior Levels,Cipher Tech Solutions,"Tampa, FL 33629 (Virginia Park area)",https://www.indeed.com/viewjob?jk=b1258c885e88ba16&tk=1gr98572ejiie801&from=serp&vjs=3
Web Application Programmer,"E-Logic, Inc.","Tallahassee, FL 32308",https://www.indeed.com/viewjob?jk=b66913e165e0e364&tk=1gr98572ejiie801&from=serp&vjs=3
Sr. Applications Development Analyst (In Person OR Remote),Paradigm IT Group,"Tallahassee, FL",https://www.indeed.com/viewjob?jk=01fb64ad91ff5f86&tk=1gr98572ejiie801&from=serp&vjs=3
Senior Cloud Application Developer (ISD Senior Cloud Application Developer V),Navy Federal Credit Union,"Pensacola, FL",https://www.indeed.com/viewjob?jk=9c0c21912a65bd05&tk=1gr98572ejiie801&from=serp&vjs=3
Wordpress & WebFlow Developer,BrandCrumbs Media,"Orlando, FL 32801 (Central Business District area)",https://www.indeed.com/viewjob?jk=b3c028efdff536dd&tk=1gr98572ejiie801&from=serp&vjs=3
Senior Web Developer,"Neocis, Inc.","Miami, FL 33137 (Wynwood - Edgewater area)",https://www.indeed.com/viewjob?jk=12f55a264b5207a7&tk=1gr98572ejiie801&from=serp&vjs=3
Sr Java Developer (AVP) -Data on Demand Application Team,Citi,"Tampa, FL",https://www.indeed.com/viewjob?jk=b156b3ad8c55e6c3&tk=1gr98572ejiie801&from=serp&vjs=3
Application Developer,Suncoast Credit Union,"Remote in Tampa, FL 33610",https://www.indeed.com/viewjob?jk=cbf39a10edd41419&tk=1gr98572ejiie801&from=serp&vjs=3
Application Development Manager,Miracle Software Systems,Florida,https://www.indeed.com/viewjob?jk=f597556b964a8846&tk=1gr98572ejiie801&from=serp&vjs=3
Senior Mobile Engineer,Recruiting From Scratch,"Remote in Miami, FL",https://www.indeed.com/viewjob?jk=d109fcd72b76fc16&tk=1gr98572ejiie801&from=serp&vjs=3
Senior Web Application Developer,Miami Dade College,"Miami, FL 33132 (Downtown area)",https://www.indeed.com/viewjob?jk=44f79e25419d146a&tk=1gr98572ejiie801&from=serp&vjs=3
